display_name,handle,password_hash,state_code,city_id
Florida Man ðŸ¦…,FloridaMan,scrypt:32768:8:1$fEDOMkp1bOGgtGp6$7fd6e54a34bf208c3f09f4c05d35b162a3e54a6c2a61b1385889053eedd29e1eb4876ef72cc0ba062238570225ad9b996cb8b06407408b86e3ec2358a340ca98,FL,1
morbidGarlic9,morbidGarlic9,scrypt:32768:8:1$cin84DBUU76tAX7q$82dea53544346ed46978ef416da65e99d93331f97ad77418d430076446fa21cde97f83074ec8e358aa33549b6aab440c3ca48a796f78c16e7e19676db023c7ef,NJ,2
culturedWhiting3,culturedWhiting3,scrypt:32768:8:1$cin84DBUU76tAX7q$82dea53544346ed46978ef416da65e99d93331f97ad77418d430076446fa21cde97f83074ec8e358aa33549b6aab440c3ca48a796f78c16e7e19676db023c7ef,NC,3
shyMandrill3,shyMandrill3,scrypt:32768:8:1$cin84DBUU76tAX7q$82dea53544346ed46978ef416da65e99d93331f97ad77418d430076446fa21cde97f83074ec8e358aa33549b6aab440c3ca48a796f78c16e7e19676db023c7ef,CA,4
unhappyBobolink2,unhappyBobolink2,scrypt:32768:8:1$cin84DBUU76tAX7q$82dea53544346ed46978ef416da65e99d93331f97ad77418d430076446fa21cde97f83074ec8e358aa33549b6aab440c3ca48a796f78c16e7e19676db023c7ef,NY,5
sugaryThrush8,sugaryThrush8,scrypt:32768:8:1$cin84DBUU76tAX7q$82dea53544346ed46978ef416da65e99d93331f97ad77418d430076446fa21cde97f83074ec8e358aa33549b6aab440c3ca48a796f78c16e7e19676db023c7ef,OK,6
lovesickCaribou0,lovesickCaribou0,scrypt:32768:8:1$cin84DBUU76tAX7q$82dea53544346ed46978ef416da65e99d93331f97ad77418d430076446fa21cde97f83074ec8e358aa33549b6aab440c3ca48a796f78c16e7e19676db023c7ef,SC,7
chicLocust8,chicLocust8,scrypt:32768:8:1$cin84DBUU76tAX7q$82dea53544346ed46978ef416da65e99d93331f97ad77418d430076446fa21cde97f83074ec8e358aa33549b6aab440c3ca48a796f78c16e7e19676db023c7ef,KY,8
sadPonie9,sadPonie9,scrypt:32768:8:1$cin84DBUU76tAX7q$82dea53544346ed46978ef416da65e99d93331f97ad77418d430076446fa21cde97f83074ec8e358aa33549b6aab440c3ca48a796f78c16e7e19676db023c7ef,MI,10
betrayedGelding0,betrayedGelding0,scrypt:32768:8:1$cin84DBUU76tAX7q$82dea53544346ed46978ef416da65e99d93331f97ad77418d430076446fa21cde97f83074ec8e358aa33549b6aab440c3ca48a796f78c16e7e19676db023c7ef,PA,11
empathicSeafowl3,empathicSeafowl3,scrypt:32768:8:1$cin84DBUU76tAX7q$82dea53544346ed46978ef416da65e99d93331f97ad77418d430076446fa21cde97f83074ec8e358aa33549b6aab440c3ca48a796f78c16e7e19676db023c7ef,ND,13
yearningRelish3,yearningRelish3,scrypt:32768:8:1$cin84DBUU76tAX7q$82dea53544346ed46978ef416da65e99d93331f97ad77418d430076446fa21cde97f83074ec8e358aa33549b6aab440c3ca48a796f78c16e7e19676db023c7ef,ID,14
pacifiedHyena8,pacifiedHyena8,scrypt:32768:8:1$cin84DBUU76tAX7q$82dea53544346ed46978ef416da65e99d93331f97ad77418d430076446fa21cde97f83074ec8e358aa33549b6aab440c3ca48a796f78c16e7e19676db023c7ef,MD,16
lovesickApricots3,lovesickApricots3,scrypt:32768:8:1$cin84DBUU76tAX7q$82dea53544346ed46978ef416da65e99d93331f97ad77418d430076446fa21cde97f83074ec8e358aa33549b6aab440c3ca48a796f78c16e7e19676db023c7ef,GA,17
sugaryTortoise7,sugaryTortoise7,scrypt:32768:8:1$cin84DBUU76tAX7q$82dea53544346ed46978ef416da65e99d93331f97ad77418d430076446fa21cde97f83074ec8e358aa33549b6aab440c3ca48a796f78c16e7e19676db023c7ef,IL,18
trustingCow9,trustingCow9,scrypt:32768:8:1$cin84DBUU76tAX7q$82dea53544346ed46978ef416da65e99d93331f97ad77418d430076446fa21cde97f83074ec8e358aa33549b6aab440c3ca48a796f78c16e7e19676db023c7ef,OR,19
outlyingRice0,outlyingRice0,scrypt:32768:8:1$cin84DBUU76tAX7q$82dea53544346ed46978ef416da65e99d93331f97ad77418d430076446fa21cde97f83074ec8e358aa33549b6aab440c3ca48a796f78c16e7e19676db023c7ef,OH,21
pacifiedBuzzard0,pacifiedBuzzard0,scrypt:32768:8:1$cin84DBUU76tAX7q$82dea53544346ed46978ef416da65e99d93331f97ad77418d430076446fa21cde97f83074ec8e358aa33549b6aab440c3ca48a796f78c16e7e19676db023c7ef,MS,22
importedAbalone6,importedAbalone6,scrypt:32768:8:1$cin84DBUU76tAX7q$82dea53544346ed46978ef416da65e99d93331f97ad77418d430076446fa21cde97f83074ec8e358aa33549b6aab440c3ca48a796f78c16e7e19676db023c7ef,PA,23
needyBuck3,needyBuck3,scrypt:32768:8:1$cin84DBUU76tAX7q$82dea53544346ed46978ef416da65e99d93331f97ad77418d430076446fa21cde97f83074ec8e358aa33549b6aab440c3ca48a796f78c16e7e19676db023c7ef,WI,24
drearySalami7,drearySalami7,scrypt:32768:8:1$cin84DBUU76tAX7q$82dea53544346ed46978ef416da65e99d93331f97ad77418d430076446fa21cde97f83074ec8e358aa33549b6aab440c3ca48a796f78c16e7e19676db023c7ef,TN,28
jumpySnipe3,jumpySnipe3,scrypt:32768:8:1$cin84DBUU76tAX7q$82dea53544346ed46978ef416da65e99d93331f97ad77418d430076446fa21cde97f83074ec8e358aa33549b6aab440c3ca48a796f78c16e7e19676db023c7ef,VA,29
wornoutCrackers9,wornoutCrackers9,scrypt:32768:8:1$cin84DBUU76tAX7q$82dea53544346ed46978ef416da65e99d93331f97ad77418d430076446fa21cde97f83074ec8e358aa33549b6aab440c3ca48a796f78c16e7e19676db023c7ef,WA,30
sugaryWeaver8,sugaryWeaver8,scrypt:32768:8:1$cin84DBUU76tAX7q$82dea53544346ed46978ef416da65e99d93331f97ad77418d430076446fa21cde97f83074ec8e358aa33549b6aab440c3ca48a796f78c16e7e19676db023c7ef,DC,31
wakefulChough3,wakefulChough3,scrypt:32768:8:1$cin84DBUU76tAX7q$82dea53544346ed46978ef416da65e99d93331f97ad77418d430076446fa21cde97f83074ec8e358aa33549b6aab440c3ca48a796f78c16e7e19676db023c7ef,TX,32
unhappyOcelot5,unhappyOcelot5,scrypt:32768:8:1$cin84DBUU76tAX7q$82dea53544346ed46978ef416da65e99d93331f97ad77418d430076446fa21cde97f83074ec8e358aa33549b6aab440c3ca48a796f78c16e7e19676db023c7ef,SD,35
mildBaboon4,mildBaboon4,scrypt:32768:8:1$cin84DBUU76tAX7q$82dea53544346ed46978ef416da65e99d93331f97ad77418d430076446fa21cde97f83074ec8e358aa33549b6aab440c3ca48a796f78c16e7e19676db023c7ef,CO,40
hushedTruffle6,hushedTruffle6,scrypt:32768:8:1$cin84DBUU76tAX7q$82dea53544346ed46978ef416da65e99d93331f97ad77418d430076446fa21cde97f83074ec8e358aa33549b6aab440c3ca48a796f78c16e7e19676db023c7ef,LA,41
forsakenSnail2,forsakenSnail2,scrypt:32768:8:1$cin84DBUU76tAX7q$82dea53544346ed46978ef416da65e99d93331f97ad77418d430076446fa21cde97f83074ec8e358aa33549b6aab440c3ca48a796f78c16e7e19676db023c7ef,PA,50
joyfulOryx1,joyfulOryx1,scrypt:32768:8:1$cin84DBUU76tAX7q$82dea53544346ed46978ef416da65e99d93331f97ad77418d430076446fa21cde97f83074ec8e358aa33549b6aab440c3ca48a796f78c16e7e19676db023c7ef,NM,52
cruelWasp6,cruelWasp6,scrypt:32768:8:1$cin84DBUU76tAX7q$82dea53544346ed46978ef416da65e99d93331f97ad77418d430076446fa21cde97f83074ec8e358aa33549b6aab440c3ca48a796f78c16e7e19676db023c7ef,IN,59
culturedLollies6,culturedLollies6,scrypt:32768:8:1$cin84DBUU76tAX7q$82dea53544346ed46978ef416da65e99d93331f97ad77418d430076446fa21cde97f83074ec8e358aa33549b6aab440c3ca48a796f78c16e7e19676db023c7ef,UT,60
emptyMare7,emptyMare7,scrypt:32768:8:1$cin84DBUU76tAX7q$82dea53544346ed46978ef416da65e99d93331f97ad77418d430076446fa21cde97f83074ec8e358aa33549b6aab440c3ca48a796f78c16e7e19676db023c7ef,AR,62
hushedCockatoo2,hushedCockatoo2,scrypt:32768:8:1$cin84DBUU76tAX7q$82dea53544346ed46978ef416da65e99d93331f97ad77418d430076446fa21cde97f83074ec8e358aa33549b6aab440c3ca48a796f78c16e7e19676db023c7ef,AL,64
fondSwift3,fondSwift3,scrypt:32768:8:1$cin84DBUU76tAX7q$82dea53544346ed46978ef416da65e99d93331f97ad77418d430076446fa21cde97f83074ec8e358aa33549b6aab440c3ca48a796f78c16e7e19676db023c7ef,OR,66
dreadfulChile2,dreadfulChile2,scrypt:32768:8:1$cin84DBUU76tAX7q$82dea53544346ed46978ef416da65e99d93331f97ad77418d430076446fa21cde97f83074ec8e358aa33549b6aab440c3ca48a796f78c16e7e19676db023c7ef,CT,69
thriftyMagpie5,thriftyMagpie5,scrypt:32768:8:1$cin84DBUU76tAX7q$82dea53544346ed46978ef416da65e99d93331f97ad77418d430076446fa21cde97f83074ec8e358aa33549b6aab440c3ca48a796f78c16e7e19676db023c7ef,NE,71
trustingCow6,trustingCow6,scrypt:32768:8:1$cin84DBUU76tAX7q$82dea53544346ed46978ef416da65e99d93331f97ad77418d430076446fa21cde97f83074ec8e358aa33549b6aab440c3ca48a796f78c16e7e19676db023c7ef,NV,77
gloomyOatmeal6,gloomyOatmeal6,scrypt:32768:8:1$cin84DBUU76tAX7q$82dea53544346ed46978ef416da65e99d93331f97ad77418d430076446fa21cde97f83074ec8e358aa33549b6aab440c3ca48a796f78c16e7e19676db023c7ef,AZ,78
drearyPudding5,drearyPudding5,scrypt:32768:8:1$cin84DBUU76tAX7q$82dea53544346ed46978ef416da65e99d93331f97ad77418d430076446fa21cde97f83074ec8e358aa33549b6aab440c3ca48a796f78c16e7e19676db023c7ef,MT,83
innocentLlama9,innocentLlama9,scrypt:32768:8:1$cin84DBUU76tAX7q$82dea53544346ed46978ef416da65e99d93331f97ad77418d430076446fa21cde97f83074ec8e358aa33549b6aab440c3ca48a796f78c16e7e19676db023c7ef,IA,93
wakefulMallard8,wakefulMallard8,scrypt:32768:8:1$cin84DBUU76tAX7q$82dea53544346ed46978ef416da65e99d93331f97ad77418d430076446fa21cde97f83074ec8e358aa33549b6aab440c3ca48a796f78c16e7e19676db023c7ef,MO,96
shamefulSmelt1,shamefulSmelt1,scrypt:32768:8:1$cin84DBUU76tAX7q$82dea53544346ed46978ef416da65e99d93331f97ad77418d430076446fa21cde97f83074ec8e358aa33549b6aab440c3ca48a796f78c16e7e19676db023c7ef,OR,99
shyHyena5,shyHyena5,scrypt:32768:8:1$cin84DBUU76tAX7q$82dea53544346ed46978ef416da65e99d93331f97ad77418d430076446fa21cde97f83074ec8e358aa33549b6aab440c3ca48a796f78c16e7e19676db023c7ef,PA,100
superiorCow1,superiorCow1,scrypt:32768:8:1$cin84DBUU76tAX7q$82dea53544346ed46978ef416da65e99d93331f97ad77418d430076446fa21cde97f83074ec8e358aa33549b6aab440c3ca48a796f78c16e7e19676db023c7ef,VA,104
lyingApples1,lyingApples1,scrypt:32768:8:1$cin84DBUU76tAX7q$82dea53544346ed46978ef416da65e99d93331f97ad77418d430076446fa21cde97f83074ec8e358aa33549b6aab440c3ca48a796f78c16e7e19676db023c7ef,MA,107
crummyOcelot9,crummyOcelot9,scrypt:32768:8:1$cin84DBUU76tAX7q$82dea53544346ed46978ef416da65e99d93331f97ad77418d430076446fa21cde97f83074ec8e358aa33549b6aab440c3ca48a796f78c16e7e19676db023c7ef,CA,113
solemnDinosaur2,solemnDinosaur2,scrypt:32768:8:1$cin84DBUU76tAX7q$82dea53544346ed46978ef416da65e99d93331f97ad77418d430076446fa21cde97f83074ec8e358aa33549b6aab440c3ca48a796f78c16e7e19676db023c7ef,HI,116
anxiousCurlew6,anxiousCurlew6,scrypt:32768:8:1$cin84DBUU76tAX7q$82dea53544346ed46978ef416da65e99d93331f97ad77418d430076446fa21cde97f83074ec8e358aa33549b6aab440c3ca48a796f78c16e7e19676db023c7ef,WA,132
joyfulLizard3,joyfulLizard3,scrypt:32768:8:1$cin84DBUU76tAX7q$82dea53544346ed46978ef416da65e99d93331f97ad77418d430076446fa21cde97f83074ec8e358aa33549b6aab440c3ca48a796f78c16e7e19676db023c7ef,KS,160
affectedHawk3,affectedHawk3,scrypt:32768:8:1$cin84DBUU76tAX7q$82dea53544346ed46978ef416da65e99d93331f97ad77418d430076446fa21cde97f83074ec8e358aa33549b6aab440c3ca48a796f78c16e7e19676db023c7ef,CA,164
goofyFerret7,goofyFerret7,scrypt:32768:8:1$cin84DBUU76tAX7q$82dea53544346ed46978ef416da65e99d93331f97ad77418d430076446fa21cde97f83074ec8e358aa33549b6aab440c3ca48a796f78c16e7e19676db023c7ef,AK,165
solidApples6,solidApples6,scrypt:32768:8:1$cin84DBUU76tAX7q$82dea53544346ed46978ef416da65e99d93331f97ad77418d430076446fa21cde97f83074ec8e358aa33549b6aab440c3ca48a796f78c16e7e19676db023c7ef,NM,166
enviousDunbird7,enviousDunbird7,scrypt:32768:8:1$cin84DBUU76tAX7q$82dea53544346ed46978ef416da65e99d93331f97ad77418d430076446fa21cde97f83074ec8e358aa33549b6aab440c3ca48a796f78c16e7e19676db023c7ef,WV,168
resolvedIguana9,resolvedIguana9,scrypt:32768:8:1$cin84DBUU76tAX7q$82dea53544346ed46978ef416da65e99d93331f97ad77418d430076446fa21cde97f83074ec8e358aa33549b6aab440c3ca48a796f78c16e7e19676db023c7ef,MD,171
anxiousOryx8,anxiousOryx8,scrypt:32768:8:1$cin84DBUU76tAX7q$82dea53544346ed46978ef416da65e99d93331f97ad77418d430076446fa21cde97f83074ec8e358aa33549b6aab440c3ca48a796f78c16e7e19676db023c7ef,NH,182
obsessedSalt6,obsessedSalt6,scrypt:32768:8:1$cin84DBUU76tAX7q$82dea53544346ed46978ef416da65e99d93331f97ad77418d430076446fa21cde97f83074ec8e358aa33549b6aab440c3ca48a796f78c16e7e19676db023c7ef,MO,184
eagerBoars3,eagerBoars3,scrypt:32768:8:1$cin84DBUU76tAX7q$82dea53544346ed46978ef416da65e99d93331f97ad77418d430076446fa21cde97f83074ec8e358aa33549b6aab440c3ca48a796f78c16e7e19676db023c7ef,OR,187
excitedCurlew2,excitedCurlew2,scrypt:32768:8:1$cin84DBUU76tAX7q$82dea53544346ed46978ef416da65e99d93331f97ad77418d430076446fa21cde97f83074ec8e358aa33549b6aab440c3ca48a796f78c16e7e19676db023c7ef,CA,190
guiltyLollies3,guiltyLollies3,scrypt:32768:8:1$cin84DBUU76tAX7q$82dea53544346ed46978ef416da65e99d93331f97ad77418d430076446fa21cde97f83074ec8e358aa33549b6aab440c3ca48a796f78c16e7e19676db023c7ef,IL,193
humorousHeron7,humorousHeron7,scrypt:32768:8:1$cin84DBUU76tAX7q$82dea53544346ed46978ef416da65e99d93331f97ad77418d430076446fa21cde97f83074ec8e358aa33549b6aab440c3ca48a796f78c16e7e19676db023c7ef,MI,195
merePorpoise7,merePorpoise7,scrypt:32768:8:1$cin84DBUU76tAX7q$82dea53544346ed46978ef416da65e99d93331f97ad77418d430076446fa21cde97f83074ec8e358aa33549b6aab440c3ca48a796f78c16e7e19676db023c7ef,NC,197
tautIcecream6,tautIcecream6,scrypt:32768:8:1$cin84DBUU76tAX7q$82dea53544346ed46978ef416da65e99d93331f97ad77418d430076446fa21cde97f83074ec8e358aa33549b6aab440c3ca48a796f78c16e7e19676db023c7ef,GA,198
sheepishCake7,sheepishCake7,scrypt:32768:8:1$cin84DBUU76tAX7q$82dea53544346ed46978ef416da65e99d93331f97ad77418d430076446fa21cde97f83074ec8e358aa33549b6aab440c3ca48a796f78c16e7e19676db023c7ef,TX,199
dearPonie4,dearPonie4,scrypt:32768:8:1$cin84DBUU76tAX7q$82dea53544346ed46978ef416da65e99d93331f97ad77418d430076446fa21cde97f83074ec8e358aa33549b6aab440c3ca48a796f78c16e7e19676db023c7ef,CO,201
solemnChough0,solemnChough0,scrypt:32768:8:1$cin84DBUU76tAX7q$82dea53544346ed46978ef416da65e99d93331f97ad77418d430076446fa21cde97f83074ec8e358aa33549b6aab440c3ca48a796f78c16e7e19676db023c7ef,CA,203
boredJerky1,boredJerky1,scrypt:32768:8:1$cin84DBUU76tAX7q$82dea53544346ed46978ef416da65e99d93331f97ad77418d430076446fa21cde97f83074ec8e358aa33549b6aab440c3ca48a796f78c16e7e19676db023c7ef,TX,216
aloofTacos1,aloofTacos1,scrypt:32768:8:1$cin84DBUU76tAX7q$82dea53544346ed46978ef416da65e99d93331f97ad77418d430076446fa21cde97f83074ec8e358aa33549b6aab440c3ca48a796f78c16e7e19676db023c7ef,PA,221
pridefulLeopard7,pridefulLeopard7,scrypt:32768:8:1$cin84DBUU76tAX7q$82dea53544346ed46978ef416da65e99d93331f97ad77418d430076446fa21cde97f83074ec8e358aa33549b6aab440c3ca48a796f78c16e7e19676db023c7ef,CA,4
ecstaticBurritos1,ecstaticBurritos1,scrypt:32768:8:1$cin84DBUU76tAX7q$82dea53544346ed46978ef416da65e99d93331f97ad77418d430076446fa21cde97f83074ec8e358aa33549b6aab440c3ca48a796f78c16e7e19676db023c7ef,NY,227
needfulCheetah9,needfulCheetah9,scrypt:32768:8:1$cin84DBUU76tAX7q$82dea53544346ed46978ef416da65e99d93331f97ad77418d430076446fa21cde97f83074ec8e358aa33549b6aab440c3ca48a796f78c16e7e19676db023c7ef,AZ,229
obsessedMoth2,obsessedMoth2,scrypt:32768:8:1$cin84DBUU76tAX7q$82dea53544346ed46978ef416da65e99d93331f97ad77418d430076446fa21cde97f83074ec8e358aa33549b6aab440c3ca48a796f78c16e7e19676db023c7ef,WA,232
sheepishWigeon4,sheepishWigeon4,scrypt:32768:8:1$cin84DBUU76tAX7q$82dea53544346ed46978ef416da65e99d93331f97ad77418d430076446fa21cde97f83074ec8e358aa33549b6aab440c3ca48a796f78c16e7e19676db023c7ef,GA,109
mildMackerel1,mildMackerel1,scrypt:32768:8:1$cin84DBUU76tAX7q$82dea53544346ed46978ef416da65e99d93331f97ad77418d430076446fa21cde97f83074ec8e358aa33549b6aab440c3ca48a796f78c16e7e19676db023c7ef,OH,244
eagerOcelot5,eagerOcelot5,scrypt:32768:8:1$cin84DBUU76tAX7q$82dea53544346ed46978ef416da65e99d93331f97ad77418d430076446fa21cde97f83074ec8e358aa33549b6aab440c3ca48a796f78c16e7e19676db023c7ef,MN,246
resolvedLemur7,resolvedLemur7,scrypt:32768:8:1$cin84DBUU76tAX7q$82dea53544346ed46978ef416da65e99d93331f97ad77418d430076446fa21cde97f83074ec8e358aa33549b6aab440c3ca48a796f78c16e7e19676db023c7ef,WI,252
boastfulCoconut1,boastfulCoconut1,scrypt:32768:8:1$cin84DBUU76tAX7q$82dea53544346ed46978ef416da65e99d93331f97ad77418d430076446fa21cde97f83074ec8e358aa33549b6aab440c3ca48a796f78c16e7e19676db023c7ef,WA,259
needyDunbird3,needyDunbird3,scrypt:32768:8:1$cin84DBUU76tAX7q$82dea53544346ed46978ef416da65e99d93331f97ad77418d430076446fa21cde97f83074ec8e358aa33549b6aab440c3ca48a796f78c16e7e19676db023c7ef,NJ,265
gleefulTomatoe0,gleefulTomatoe0,scrypt:32768:8:1$cin84DBUU76tAX7q$82dea53544346ed46978ef416da65e99d93331f97ad77418d430076446fa21cde97f83074ec8e358aa33549b6aab440c3ca48a796f78c16e7e19676db023c7ef,NM,230
tautFish8,tautFish8,scrypt:32768:8:1$cin84DBUU76tAX7q$82dea53544346ed46978ef416da65e99d93331f97ad77418d430076446fa21cde97f83074ec8e358aa33549b6aab440c3ca48a796f78c16e7e19676db023c7ef,OH,282
mercifulOwl1,mercifulOwl1,scrypt:32768:8:1$cin84DBUU76tAX7q$82dea53544346ed46978ef416da65e99d93331f97ad77418d430076446fa21cde97f83074ec8e358aa33549b6aab440c3ca48a796f78c16e7e19676db023c7ef,PA,283
crummySwift5,crummySwift5,scrypt:32768:8:1$cin84DBUU76tAX7q$82dea53544346ed46978ef416da65e99d93331f97ad77418d430076446fa21cde97f83074ec8e358aa33549b6aab440c3ca48a796f78c16e7e19676db023c7ef,ME,284
adoringFerret1,adoringFerret1,scrypt:32768:8:1$cin84DBUU76tAX7q$82dea53544346ed46978ef416da65e99d93331f97ad77418d430076446fa21cde97f83074ec8e358aa33549b6aab440c3ca48a796f78c16e7e19676db023c7ef,NV,300
pleasedSalt6,pleasedSalt6,scrypt:32768:8:1$cin84DBUU76tAX7q$82dea53544346ed46978ef416da65e99d93331f97ad77418d430076446fa21cde97f83074ec8e358aa33549b6aab440c3ca48a796f78c16e7e19676db023c7ef,CA,304
soreHyena8,soreHyena8,scrypt:32768:8:1$cin84DBUU76tAX7q$82dea53544346ed46978ef416da65e99d93331f97ad77418d430076446fa21cde97f83074ec8e358aa33549b6aab440c3ca48a796f78c16e7e19676db023c7ef,AZ,307
kindSwift3,kindSwift3,scrypt:32768:8:1$cin84DBUU76tAX7q$82dea53544346ed46978ef416da65e99d93331f97ad77418d430076446fa21cde97f83074ec8e358aa33549b6aab440c3ca48a796f78c16e7e19676db023c7ef,SC,309
cheerfulPiglet3,cheerfulPiglet3,scrypt:32768:8:1$cin84DBUU76tAX7q$82dea53544346ed46978ef416da65e99d93331f97ad77418d430076446fa21cde97f83074ec8e358aa33549b6aab440c3ca48a796f78c16e7e19676db023c7ef,NM,311
cynicalMussel8,cynicalMussel8,scrypt:32768:8:1$cin84DBUU76tAX7q$82dea53544346ed46978ef416da65e99d93331f97ad77418d430076446fa21cde97f83074ec8e358aa33549b6aab440c3ca48a796f78c16e7e19676db023c7ef,LA,314
chicWildfowl1,chicWildfowl1,scrypt:32768:8:1$cin84DBUU76tAX7q$82dea53544346ed46978ef416da65e99d93331f97ad77418d430076446fa21cde97f83074ec8e358aa33549b6aab440c3ca48a796f78c16e7e19676db023c7ef,CA,318
importedRice3,importedRice3,scrypt:32768:8:1$cin84DBUU76tAX7q$82dea53544346ed46978ef416da65e99d93331f97ad77418d430076446fa21cde97f83074ec8e358aa33549b6aab440c3ca48a796f78c16e7e19676db023c7ef,KS,215
ferventDingo8,ferventDingo8,scrypt:32768:8:1$cin84DBUU76tAX7q$82dea53544346ed46978ef416da65e99d93331f97ad77418d430076446fa21cde97f83074ec8e358aa33549b6aab440c3ca48a796f78c16e7e19676db023c7ef,NC,325
zestyCordial2,zestyCordial2,scrypt:32768:8:1$cin84DBUU76tAX7q$82dea53544346ed46978ef416da65e99d93331f97ad77418d430076446fa21cde97f83074ec8e358aa33549b6aab440c3ca48a796f78c16e7e19676db023c7ef,RI,191
outlyingEggs5,outlyingEggs5,scrypt:32768:8:1$cin84DBUU76tAX7q$82dea53544346ed46978ef416da65e99d93331f97ad77418d430076446fa21cde97f83074ec8e358aa33549b6aab440c3ca48a796f78c16e7e19676db023c7ef,MS,35
grizzledMallard5,grizzledMallard5,scrypt:32768:8:1$cin84DBUU76tAX7q$82dea53544346ed46978ef416da65e99d93331f97ad77418d430076446fa21cde97f83074ec8e358aa33549b6aab440c3ca48a796f78c16e7e19676db023c7ef,OH,184
mellowClam0,mellowClam0,scrypt:32768:8:1$cin84DBUU76tAX7q$82dea53544346ed46978ef416da65e99d93331f97ad77418d430076446fa21cde97f83074ec8e358aa33549b6aab440c3ca48a796f78c16e7e19676db023c7ef,OR,328
obsessedVenison8,obsessedVenison8,scrypt:32768:8:1$cin84DBUU76tAX7q$82dea53544346ed46978ef416da65e99d93331f97ad77418d430076446fa21cde97f83074ec8e358aa33549b6aab440c3ca48a796f78c16e7e19676db023c7ef,PA,331
jubilantSnail6,jubilantSnail6,scrypt:32768:8:1$cin84DBUU76tAX7q$82dea53544346ed46978ef416da65e99d93331f97ad77418d430076446fa21cde97f83074ec8e358aa33549b6aab440c3ca48a796f78c16e7e19676db023c7ef,WI,332
mellowGarlic0,mellowGarlic0,scrypt:32768:8:1$cin84DBUU76tAX7q$82dea53544346ed46978ef416da65e99d93331f97ad77418d430076446fa21cde97f83074ec8e358aa33549b6aab440c3ca48a796f78c16e7e19676db023c7ef,IL,341
wingedCaribou3,wingedCaribou3,scrypt:32768:8:1$cin84DBUU76tAX7q$82dea53544346ed46978ef416da65e99d93331f97ad77418d430076446fa21cde97f83074ec8e358aa33549b6aab440c3ca48a796f78c16e7e19676db023c7ef,WA,344
giddyCurlew5,giddyCurlew5,scrypt:32768:8:1$cin84DBUU76tAX7q$82dea53544346ed46978ef416da65e99d93331f97ad77418d430076446fa21cde97f83074ec8e358aa33549b6aab440c3ca48a796f78c16e7e19676db023c7ef,CA,345
cruelIcecream3,cruelIcecream3,scrypt:32768:8:1$cin84DBUU76tAX7q$82dea53544346ed46978ef416da65e99d93331f97ad77418d430076446fa21cde97f83074ec8e358aa33549b6aab440c3ca48a796f78c16e7e19676db023c7ef,AK,165
cautiousLemur7,cautiousLemur7,scrypt:32768:8:1$cin84DBUU76tAX7q$82dea53544346ed46978ef416da65e99d93331f97ad77418d430076446fa21cde97f83074ec8e358aa33549b6aab440c3ca48a796f78c16e7e19676db023c7ef,IA,359
wingedDinosaur0,wingedDinosaur0,scrypt:32768:8:1$cin84DBUU76tAX7q$82dea53544346ed46978ef416da65e99d93331f97ad77418d430076446fa21cde97f83074ec8e358aa33549b6aab440c3ca48a796f78c16e7e19676db023c7ef,TX,361
giddyBass2,giddyBass2,scrypt:32768:8:1$cin84DBUU76tAX7q$82dea53544346ed46978ef416da65e99d93331f97ad77418d430076446fa21cde97f83074ec8e358aa33549b6aab440c3ca48a796f78c16e7e19676db023c7ef,WA,362
offendedRice7,offendedRice7,scrypt:32768:8:1$cin84DBUU76tAX7q$82dea53544346ed46978ef416da65e99d93331f97ad77418d430076446fa21cde97f83074ec8e358aa33549b6aab440c3ca48a796f78c16e7e19676db023c7ef,SC,153
aloofCrane4,aloofCrane4,scrypt:32768:8:1$cin84DBUU76tAX7q$82dea53544346ed46978ef416da65e99d93331f97ad77418d430076446fa21cde97f83074ec8e358aa33549b6aab440c3ca48a796f78c16e7e19676db023c7ef,IN,366
ferventBustard3,ferventBustard3,scrypt:32768:8:1$cin84DBUU76tAX7q$82dea53544346ed46978ef416da65e99d93331f97ad77418d430076446fa21cde97f83074ec8e358aa33549b6aab440c3ca48a796f78c16e7e19676db023c7ef,TX,368
troubledCrackers2,troubledCrackers2,scrypt:32768:8:1$cin84DBUU76tAX7q$82dea53544346ed46978ef416da65e99d93331f97ad77418d430076446fa21cde97f83074ec8e358aa33549b6aab440c3ca48a796f78c16e7e19676db023c7ef,CO,370
solidMoth2,solidMoth2,scrypt:32768:8:1$cin84DBUU76tAX7q$82dea53544346ed46978ef416da65e99d93331f97ad77418d430076446fa21cde97f83074ec8e358aa33549b6aab440c3ca48a796f78c16e7e19676db023c7ef,NY,374
importedFalcon7,importedFalcon7,scrypt:32768:8:1$cin84DBUU76tAX7q$82dea53544346ed46978ef416da65e99d93331f97ad77418d430076446fa21cde97f83074ec8e358aa33549b6aab440c3ca48a796f78c16e7e19676db023c7ef,MN,375
pacifiedLizard9,pacifiedLizard9,scrypt:32768:8:1$cin84DBUU76tAX7q$82dea53544346ed46978ef416da65e99d93331f97ad77418d430076446fa21cde97f83074ec8e358aa33549b6aab440c3ca48a796f78c16e7e19676db023c7ef,AZ,296
wrathfulLion2,wrathfulLion2,scrypt:32768:8:1$cin84DBUU76tAX7q$82dea53544346ed46978ef416da65e99d93331f97ad77418d430076446fa21cde97f83074ec8e358aa33549b6aab440c3ca48a796f78c16e7e19676db023c7ef,NJ,386
alertCockatoo2,alertCockatoo2,scrypt:32768:8:1$cin84DBUU76tAX7q$82dea53544346ed46978ef416da65e99d93331f97ad77418d430076446fa21cde97f83074ec8e358aa33549b6aab440c3ca48a796f78c16e7e19676db023c7ef,DE,388
sheepishDingo5,sheepishDingo5,scrypt:32768:8:1$cin84DBUU76tAX7q$82dea53544346ed46978ef416da65e99d93331f97ad77418d430076446fa21cde97f83074ec8e358aa33549b6aab440c3ca48a796f78c16e7e19676db023c7ef,VA,17
peacefulCod4,peacefulCod4,scrypt:32768:8:1$cin84DBUU76tAX7q$82dea53544346ed46978ef416da65e99d93331f97ad77418d430076446fa21cde97f83074ec8e358aa33549b6aab440c3ca48a796f78c16e7e19676db023c7ef,PA,392
vengefulSheep6,vengefulSheep6,scrypt:32768:8:1$cin84DBUU76tAX7q$82dea53544346ed46978ef416da65e99d93331f97ad77418d430076446fa21cde97f83074ec8e358aa33549b6aab440c3ca48a796f78c16e7e19676db023c7ef,NM,398
unhappyWeaver4,unhappyWeaver4,scrypt:32768:8:1$cin84DBUU76tAX7q$82dea53544346ed46978ef416da65e99d93331f97ad77418d430076446fa21cde97f83074ec8e358aa33549b6aab440c3ca48a796f78c16e7e19676db023c7ef,CA,403
needyIguana5,needyIguana5,scrypt:32768:8:1$cin84DBUU76tAX7q$82dea53544346ed46978ef416da65e99d93331f97ad77418d430076446fa21cde97f83074ec8e358aa33549b6aab440c3ca48a796f78c16e7e19676db023c7ef,UT,405
betrayedCheetah5,betrayedCheetah5,scrypt:32768:8:1$cin84DBUU76tAX7q$82dea53544346ed46978ef416da65e99d93331f97ad77418d430076446fa21cde97f83074ec8e358aa33549b6aab440c3ca48a796f78c16e7e19676db023c7ef,AL,413
cockyCockatoo1,cockyCockatoo1,scrypt:32768:8:1$cin84DBUU76tAX7q$82dea53544346ed46978ef416da65e99d93331f97ad77418d430076446fa21cde97f83074ec8e358aa33549b6aab440c3ca48a796f78c16e7e19676db023c7ef,NM,417
aloofSalt0,aloofSalt0,scrypt:32768:8:1$cin84DBUU76tAX7q$82dea53544346ed46978ef416da65e99d93331f97ad77418d430076446fa21cde97f83074ec8e358aa33549b6aab440c3ca48a796f78c16e7e19676db023c7ef,WV,423
anxiousZebra6,anxiousZebra6,scrypt:32768:8:1$cin84DBUU76tAX7q$82dea53544346ed46978ef416da65e99d93331f97ad77418d430076446fa21cde97f83074ec8e358aa33549b6aab440c3ca48a796f78c16e7e19676db023c7ef,NV,396
resolvedChough6,resolvedChough6,scrypt:32768:8:1$cin84DBUU76tAX7q$82dea53544346ed46978ef416da65e99d93331f97ad77418d430076446fa21cde97f83074ec8e358aa33549b6aab440c3ca48a796f78c16e7e19676db023c7ef,PA,425
pacifiedSwift1,pacifiedSwift1,scrypt:32768:8:1$cin84DBUU76tAX7q$82dea53544346ed46978ef416da65e99d93331f97ad77418d430076446fa21cde97f83074ec8e358aa33549b6aab440c3ca48a796f78c16e7e19676db023c7ef,TX,433
wakefulIcecream6,wakefulIcecream6,scrypt:32768:8:1$cin84DBUU76tAX7q$82dea53544346ed46978ef416da65e99d93331f97ad77418d430076446fa21cde97f83074ec8e358aa33549b6aab440c3ca48a796f78c16e7e19676db023c7ef,CA,113
peskyBittern1,peskyBittern1,scrypt:32768:8:1$cin84DBUU76tAX7q$82dea53544346ed46978ef416da65e99d93331f97ad77418d430076446fa21cde97f83074ec8e358aa33549b6aab440c3ca48a796f78c16e7e19676db023c7ef,VA,444
needyLemur2,needyLemur2,scrypt:32768:8:1$cin84DBUU76tAX7q$82dea53544346ed46978ef416da65e99d93331f97ad77418d430076446fa21cde97f83074ec8e358aa33549b6aab440c3ca48a796f78c16e7e19676db023c7ef,NY,446
grudgingMare9,grudgingMare9,scrypt:32768:8:1$cin84DBUU76tAX7q$82dea53544346ed46978ef416da65e99d93331f97ad77418d430076446fa21cde97f83074ec8e358aa33549b6aab440c3ca48a796f78c16e7e19676db023c7ef,IN,455
excludedTruffle8,excludedTruffle8,scrypt:32768:8:1$cin84DBUU76tAX7q$82dea53544346ed46978ef416da65e99d93331f97ad77418d430076446fa21cde97f83074ec8e358aa33549b6aab440c3ca48a796f78c16e7e19676db023c7ef,MT,326
enragedCaribou8,enragedCaribou8,scrypt:32768:8:1$cin84DBUU76tAX7q$82dea53544346ed46978ef416da65e99d93331f97ad77418d430076446fa21cde97f83074ec8e358aa33549b6aab440c3ca48a796f78c16e7e19676db023c7ef,OR,460
scornfulWigeon9,scornfulWigeon9,scrypt:32768:8:1$cin84DBUU76tAX7q$82dea53544346ed46978ef416da65e99d93331f97ad77418d430076446fa21cde97f83074ec8e358aa33549b6aab440c3ca48a796f78c16e7e19676db023c7ef,UT,461
enragedLapwing1,enragedLapwing1,scrypt:32768:8:1$cin84DBUU76tAX7q$82dea53544346ed46978ef416da65e99d93331f97ad77418d430076446fa21cde97f83074ec8e358aa33549b6aab440c3ca48a796f78c16e7e19676db023c7ef,MO,465
truthfulPretzels8,truthfulPretzels8,scrypt:32768:8:1$cin84DBUU76tAX7q$82dea53544346ed46978ef416da65e99d93331f97ad77418d430076446fa21cde97f83074ec8e358aa33549b6aab440c3ca48a796f78c16e7e19676db023c7ef,OH,27
aloofTermite0,aloofTermite0,scrypt:32768:8:1$cin84DBUU76tAX7q$82dea53544346ed46978ef416da65e99d93331f97ad77418d430076446fa21cde97f83074ec8e358aa33549b6aab440c3ca48a796f78c16e7e19676db023c7ef,WA,471
mildBasmati3,mildBasmati3,scrypt:32768:8:1$cin84DBUU76tAX7q$82dea53544346ed46978ef416da65e99d93331f97ad77418d430076446fa21cde97f83074ec8e358aa33549b6aab440c3ca48a796f78c16e7e19676db023c7ef,TN,473
boastfulBurritos3,boastfulBurritos3,scrypt:32768:8:1$cin84DBUU76tAX7q$82dea53544346ed46978ef416da65e99d93331f97ad77418d430076446fa21cde97f83074ec8e358aa33549b6aab440c3ca48a796f78c16e7e19676db023c7ef,AZ,475
empathicLizard5,empathicLizard5,scrypt:32768:8:1$cin84DBUU76tAX7q$82dea53544346ed46978ef416da65e99d93331f97ad77418d430076446fa21cde97f83074ec8e358aa33549b6aab440c3ca48a796f78c16e7e19676db023c7ef,OR,476
scornfulMare4,scornfulMare4,scrypt:32768:8:1$cin84DBUU76tAX7q$82dea53544346ed46978ef416da65e99d93331f97ad77418d430076446fa21cde97f83074ec8e358aa33549b6aab440c3ca48a796f78c16e7e19676db023c7ef,CA,483
trustingCoati4,trustingCoati4,scrypt:32768:8:1$cin84DBUU76tAX7q$82dea53544346ed46978ef416da65e99d93331f97ad77418d430076446fa21cde97f83074ec8e358aa33549b6aab440c3ca48a796f78c16e7e19676db023c7ef,IL,441
jumpyBasmati0,jumpyBasmati0,scrypt:32768:8:1$cin84DBUU76tAX7q$82dea53544346ed46978ef416da65e99d93331f97ad77418d430076446fa21cde97f83074ec8e358aa33549b6aab440c3ca48a796f78c16e7e19676db023c7ef,CO,487
sheepishViper1,sheepishViper1,scrypt:32768:8:1$cin84DBUU76tAX7q$82dea53544346ed46978ef416da65e99d93331f97ad77418d430076446fa21cde97f83074ec8e358aa33549b6aab440c3ca48a796f78c16e7e19676db023c7ef,WA,385
ardentPoultry8,ardentPoultry8,scrypt:32768:8:1$cin84DBUU76tAX7q$82dea53544346ed46978ef416da65e99d93331f97ad77418d430076446fa21cde97f83074ec8e358aa33549b6aab440c3ca48a796f78c16e7e19676db023c7ef,SC,14
yearningShads6,yearningShads6,scrypt:32768:8:1$cin84DBUU76tAX7q$82dea53544346ed46978ef416da65e99d93331f97ad77418d430076446fa21cde97f83074ec8e358aa33549b6aab440c3ca48a796f78c16e7e19676db023c7ef,MI,496
jumpySyrup1,jumpySyrup1,scrypt:32768:8:1$cin84DBUU76tAX7q$82dea53544346ed46978ef416da65e99d93331f97ad77418d430076446fa21cde97f83074ec8e358aa33549b6aab440c3ca48a796f78c16e7e19676db023c7ef,NC,503
forsakenUnicorn5,forsakenUnicorn5,scrypt:32768:8:1$cin84DBUU76tAX7q$82dea53544346ed46978ef416da65e99d93331f97ad77418d430076446fa21cde97f83074ec8e358aa33549b6aab440c3ca48a796f78c16e7e19676db023c7ef,IL,507
pitifulRat3,pitifulRat3,scrypt:32768:8:1$cin84DBUU76tAX7q$82dea53544346ed46978ef416da65e99d93331f97ad77418d430076446fa21cde97f83074ec8e358aa33549b6aab440c3ca48a796f78c16e7e19676db023c7ef,MD,508
enragedKitten5,enragedKitten5,scrypt:32768:8:1$cin84DBUU76tAX7q$82dea53544346ed46978ef416da65e99d93331f97ad77418d430076446fa21cde97f83074ec8e358aa33549b6aab440c3ca48a796f78c16e7e19676db023c7ef,MN,513
similarPepper5,similarPepper5,scrypt:32768:8:1$cin84DBUU76tAX7q$82dea53544346ed46978ef416da65e99d93331f97ad77418d430076446fa21cde97f83074ec8e358aa33549b6aab440c3ca48a796f78c16e7e19676db023c7ef,UT,518
betrayedGnu8,betrayedGnu8,scrypt:32768:8:1$cin84DBUU76tAX7q$82dea53544346ed46978ef416da65e99d93331f97ad77418d430076446fa21cde97f83074ec8e358aa33549b6aab440c3ca48a796f78c16e7e19676db023c7ef,TX,520
amazedBoa0,amazedBoa0,scrypt:32768:8:1$cin84DBUU76tAX7q$82dea53544346ed46978ef416da65e99d93331f97ad77418d430076446fa21cde97f83074ec8e358aa33549b6aab440c3ca48a796f78c16e7e19676db023c7ef,WY,529
gloomyBuck1,gloomyBuck1,scrypt:32768:8:1$cin84DBUU76tAX7q$82dea53544346ed46978ef416da65e99d93331f97ad77418d430076446fa21cde97f83074ec8e358aa33549b6aab440c3ca48a796f78c16e7e19676db023c7ef,WA,534
jealousSyrup6,jealousSyrup6,scrypt:32768:8:1$cin84DBUU76tAX7q$82dea53544346ed46978ef416da65e99d93331f97ad77418d430076446fa21cde97f83074ec8e358aa33549b6aab440c3ca48a796f78c16e7e19676db023c7ef,NC,191
eagerRaisins6,eagerRaisins6,scrypt:32768:8:1$cin84DBUU76tAX7q$82dea53544346ed46978ef416da65e99d93331f97ad77418d430076446fa21cde97f83074ec8e358aa33549b6aab440c3ca48a796f78c16e7e19676db023c7ef,KY,540
giddyOwl6,giddyOwl6,scrypt:32768:8:1$cin84DBUU76tAX7q$82dea53544346ed46978ef416da65e99d93331f97ad77418d430076446fa21cde97f83074ec8e358aa33549b6aab440c3ca48a796f78c16e7e19676db023c7ef,PA,539
contentMackerel9,contentMackerel9,scrypt:32768:8:1$cin84DBUU76tAX7q$82dea53544346ed46978ef416da65e99d93331f97ad77418d430076446fa21cde97f83074ec8e358aa33549b6aab440c3ca48a796f78c16e7e19676db023c7ef,MI,542
annoyedWasp7,annoyedWasp7,scrypt:32768:8:1$cin84DBUU76tAX7q$82dea53544346ed46978ef416da65e99d93331f97ad77418d430076446fa21cde97f83074ec8e358aa33549b6aab440c3ca48a796f78c16e7e19676db023c7ef,CA,549
decimalZebra5,decimalZebra5,scrypt:32768:8:1$cin84DBUU76tAX7q$82dea53544346ed46978ef416da65e99d93331f97ad77418d430076446fa21cde97f83074ec8e358aa33549b6aab440c3ca48a796f78c16e7e19676db023c7ef,OR,553
boredKitten2,boredKitten2,scrypt:32768:8:1$cin84DBUU76tAX7q$82dea53544346ed46978ef416da65e99d93331f97ad77418d430076446fa21cde97f83074ec8e358aa33549b6aab440c3ca48a796f78c16e7e19676db023c7ef,GA,567
cruelEagle6,cruelEagle6,scrypt:32768:8:1$cin84DBUU76tAX7q$82dea53544346ed46978ef416da65e99d93331f97ad77418d430076446fa21cde97f83074ec8e358aa33549b6aab440c3ca48a796f78c16e7e19676db023c7ef,CA,570
wearyOwl9,wearyOwl9,scrypt:32768:8:1$cin84DBUU76tAX7q$82dea53544346ed46978ef416da65e99d93331f97ad77418d430076446fa21cde97f83074ec8e358aa33549b6aab440c3ca48a796f78c16e7e19676db023c7ef,TX,576
amazedPie0,amazedPie0,scrypt:32768:8:1$cin84DBUU76tAX7q$82dea53544346ed46978ef416da65e99d93331f97ad77418d430076446fa21cde97f83074ec8e358aa33549b6aab440c3ca48a796f78c16e7e19676db023c7ef,KY,582
holisticMagpie8,holisticMagpie8,scrypt:32768:8:1$cin84DBUU76tAX7q$82dea53544346ed46978ef416da65e99d93331f97ad77418d430076446fa21cde97f83074ec8e358aa33549b6aab440c3ca48a796f78c16e7e19676db023c7ef,ID,587
ashamedPup9,ashamedPup9,scrypt:32768:8:1$cin84DBUU76tAX7q$82dea53544346ed46978ef416da65e99d93331f97ad77418d430076446fa21cde97f83074ec8e358aa33549b6aab440c3ca48a796f78c16e7e19676db023c7ef,CT,591
adoringShads5,adoringShads5,scrypt:32768:8:1$cin84DBUU76tAX7q$82dea53544346ed46978ef416da65e99d93331f97ad77418d430076446fa21cde97f83074ec8e358aa33549b6aab440c3ca48a796f78c16e7e19676db023c7ef,NY,594
peacefulBass3,peacefulBass3,scrypt:32768:8:1$cin84DBUU76tAX7q$82dea53544346ed46978ef416da65e99d93331f97ad77418d430076446fa21cde97f83074ec8e358aa33549b6aab440c3ca48a796f78c16e7e19676db023c7ef,OH,595
solidDunbird2,solidDunbird2,scrypt:32768:8:1$cin84DBUU76tAX7q$82dea53544346ed46978ef416da65e99d93331f97ad77418d430076446fa21cde97f83074ec8e358aa33549b6aab440c3ca48a796f78c16e7e19676db023c7ef,IL,601
resolvedGarlic5,resolvedGarlic5,scrypt:32768:8:1$cin84DBUU76tAX7q$82dea53544346ed46978ef416da65e99d93331f97ad77418d430076446fa21cde97f83074ec8e358aa33549b6aab440c3ca48a796f78c16e7e19676db023c7ef,TN,185
crushedMacaw3,crushedMacaw3,scrypt:32768:8:1$cin84DBUU76tAX7q$82dea53544346ed46978ef416da65e99d93331f97ad77418d430076446fa21cde97f83074ec8e358aa33549b6aab440c3ca48a796f78c16e7e19676db023c7ef,NJ,607
unhappyWasp3,unhappyWasp3,scrypt:32768:8:1$cin84DBUU76tAX7q$82dea53544346ed46978ef416da65e99d93331f97ad77418d430076446fa21cde97f83074ec8e358aa33549b6aab440c3ca48a796f78c16e7e19676db023c7ef,AR,608
cockyHawk8,cockyHawk8,scrypt:32768:8:1$cin84DBUU76tAX7q$82dea53544346ed46978ef416da65e99d93331f97ad77418d430076446fa21cde97f83074ec8e358aa33549b6aab440c3ca48a796f78c16e7e19676db023c7ef,WA,320
mellowBass3,mellowBass3,scrypt:32768:8:1$cin84DBUU76tAX7q$82dea53544346ed46978ef416da65e99d93331f97ad77418d430076446fa21cde97f83074ec8e358aa33549b6aab440c3ca48a796f78c16e7e19676db023c7ef,TX,616
finickyPonie8,finickyPonie8,scrypt:32768:8:1$cin84DBUU76tAX7q$82dea53544346ed46978ef416da65e99d93331f97ad77418d430076446fa21cde97f83074ec8e358aa33549b6aab440c3ca48a796f78c16e7e19676db023c7ef,ID,629
somberCardinal3,somberCardinal3,scrypt:32768:8:1$cin84DBUU76tAX7q$82dea53544346ed46978ef416da65e99d93331f97ad77418d430076446fa21cde97f83074ec8e358aa33549b6aab440c3ca48a796f78c16e7e19676db023c7ef,IA,633
shySalt7,shySalt7,scrypt:32768:8:1$cin84DBUU76tAX7q$82dea53544346ed46978ef416da65e99d93331f97ad77418d430076446fa21cde97f83074ec8e358aa33549b6aab440c3ca48a796f78c16e7e19676db023c7ef,TX,218
annoyedEagle6,annoyedEagle6,scrypt:32768:8:1$cin84DBUU76tAX7q$82dea53544346ed46978ef416da65e99d93331f97ad77418d430076446fa21cde97f83074ec8e358aa33549b6aab440c3ca48a796f78c16e7e19676db023c7ef,NC,635
ferventChowder0,ferventChowder0,scrypt:32768:8:1$cin84DBUU76tAX7q$82dea53544346ed46978ef416da65e99d93331f97ad77418d430076446fa21cde97f83074ec8e358aa33549b6aab440c3ca48a796f78c16e7e19676db023c7ef,CT,591
affectedThrush2,affectedThrush2,scrypt:32768:8:1$cin84DBUU76tAX7q$82dea53544346ed46978ef416da65e99d93331f97ad77418d430076446fa21cde97f83074ec8e358aa33549b6aab440c3ca48a796f78c16e7e19676db023c7ef,AZ,296
resolvedHare7,resolvedHare7,scrypt:32768:8:1$cin84DBUU76tAX7q$82dea53544346ed46978ef416da65e99d93331f97ad77418d430076446fa21cde97f83074ec8e358aa33549b6aab440c3ca48a796f78c16e7e19676db023c7ef,NY,582
ecstaticOatmeal1,ecstaticOatmeal1,scrypt:32768:8:1$cin84DBUU76tAX7q$82dea53544346ed46978ef416da65e99d93331f97ad77418d430076446fa21cde97f83074ec8e358aa33549b6aab440c3ca48a796f78c16e7e19676db023c7ef,TX,274
bubblyChough6,bubblyChough6,scrypt:32768:8:1$cin84DBUU76tAX7q$82dea53544346ed46978ef416da65e99d93331f97ad77418d430076446fa21cde97f83074ec8e358aa33549b6aab440c3ca48a796f78c16e7e19676db023c7ef,NV,639
superiorHoopoe2,superiorHoopoe2,scrypt:32768:8:1$cin84DBUU76tAX7q$82dea53544346ed46978ef416da65e99d93331f97ad77418d430076446fa21cde97f83074ec8e358aa33549b6aab440c3ca48a796f78c16e7e19676db023c7ef,LA,336
sheepishMeerkat9,sheepishMeerkat9,scrypt:32768:8:1$cin84DBUU76tAX7q$82dea53544346ed46978ef416da65e99d93331f97ad77418d430076446fa21cde97f83074ec8e358aa33549b6aab440c3ca48a796f78c16e7e19676db023c7ef,DE,648
unhappySheep9,unhappySheep9,scrypt:32768:8:1$cin84DBUU76tAX7q$82dea53544346ed46978ef416da65e99d93331f97ad77418d430076446fa21cde97f83074ec8e358aa33549b6aab440c3ca48a796f78c16e7e19676db023c7ef,PA,559
crummyIcecream0,crummyIcecream0,scrypt:32768:8:1$cin84DBUU76tAX7q$82dea53544346ed46978ef416da65e99d93331f97ad77418d430076446fa21cde97f83074ec8e358aa33549b6aab440c3ca48a796f78c16e7e19676db023c7ef,WI,657
exactingLion7,exactingLion7,scrypt:32768:8:1$cin84DBUU76tAX7q$82dea53544346ed46978ef416da65e99d93331f97ad77418d430076446fa21cde97f83074ec8e358aa33549b6aab440c3ca48a796f78c16e7e19676db023c7ef,CA,659
cruelKitten9,cruelKitten9,scrypt:32768:8:1$cin84DBUU76tAX7q$82dea53544346ed46978ef416da65e99d93331f97ad77418d430076446fa21cde97f83074ec8e358aa33549b6aab440c3ca48a796f78c16e7e19676db023c7ef,CA,663
pluckyPup4,pluckyPup4,scrypt:32768:8:1$cin84DBUU76tAX7q$82dea53544346ed46978ef416da65e99d93331f97ad77418d430076446fa21cde97f83074ec8e358aa33549b6aab440c3ca48a796f78c16e7e19676db023c7ef,GA,668
wornoutGatorade0,wornoutGatorade0,scrypt:32768:8:1$cin84DBUU76tAX7q$82dea53544346ed46978ef416da65e99d93331f97ad77418d430076446fa21cde97f83074ec8e358aa33549b6aab440c3ca48a796f78c16e7e19676db023c7ef,SC,393
murkyDotterel5,murkyDotterel5,scrypt:32768:8:1$cin84DBUU76tAX7q$82dea53544346ed46978ef416da65e99d93331f97ad77418d430076446fa21cde97f83074ec8e358aa33549b6aab440c3ca48a796f78c16e7e19676db023c7ef,OR,670
grudgingHeron9,grudgingHeron9,scrypt:32768:8:1$cin84DBUU76tAX7q$82dea53544346ed46978ef416da65e99d93331f97ad77418d430076446fa21cde97f83074ec8e358aa33549b6aab440c3ca48a796f78c16e7e19676db023c7ef,TN,472
awedPiglet6,awedPiglet6,scrypt:32768:8:1$cin84DBUU76tAX7q$82dea53544346ed46978ef416da65e99d93331f97ad77418d430076446fa21cde97f83074ec8e358aa33549b6aab440c3ca48a796f78c16e7e19676db023c7ef,CA,677
pleasedSyrup5,pleasedSyrup5,scrypt:32768:8:1$cin84DBUU76tAX7q$82dea53544346ed46978ef416da65e99d93331f97ad77418d430076446fa21cde97f83074ec8e358aa33549b6aab440c3ca48a796f78c16e7e19676db023c7ef,VA,681
chicGatorade6,chicGatorade6,scrypt:32768:8:1$cin84DBUU76tAX7q$82dea53544346ed46978ef416da65e99d93331f97ad77418d430076446fa21cde97f83074ec8e358aa33549b6aab440c3ca48a796f78c16e7e19676db023c7ef,CO,271
troubledPretzels6,troubledPretzels6,scrypt:32768:8:1$cin84DBUU76tAX7q$82dea53544346ed46978ef416da65e99d93331f97ad77418d430076446fa21cde97f83074ec8e358aa33549b6aab440c3ca48a796f78c16e7e19676db023c7ef,MD,686
kindSmelt9,kindSmelt9,scrypt:32768:8:1$cin84DBUU76tAX7q$82dea53544346ed46978ef416da65e99d93331f97ad77418d430076446fa21cde97f83074ec8e358aa33549b6aab440c3ca48a796f78c16e7e19676db023c7ef,NY,5
goofyLocust9,goofyLocust9,scrypt:32768:8:1$cin84DBUU76tAX7q$82dea53544346ed46978ef416da65e99d93331f97ad77418d430076446fa21cde97f83074ec8e358aa33549b6aab440c3ca48a796f78c16e7e19676db023c7ef,MI,691
enragedLeopard7,enragedLeopard7,scrypt:32768:8:1$cin84DBUU76tAX7q$82dea53544346ed46978ef416da65e99d93331f97ad77418d430076446fa21cde97f83074ec8e358aa33549b6aab440c3ca48a796f78c16e7e19676db023c7ef,IN,45
joyfulPolenta2,joyfulPolenta2,scrypt:32768:8:1$cin84DBUU76tAX7q$82dea53544346ed46978ef416da65e99d93331f97ad77418d430076446fa21cde97f83074ec8e358aa33549b6aab440c3ca48a796f78c16e7e19676db023c7ef,PA,465
amazedHoopoe2,amazedHoopoe2,scrypt:32768:8:1$cin84DBUU76tAX7q$82dea53544346ed46978ef416da65e99d93331f97ad77418d430076446fa21cde97f83074ec8e358aa33549b6aab440c3ca48a796f78c16e7e19676db023c7ef,AZ,696
troubledMagpie8,troubledMagpie8,scrypt:32768:8:1$cin84DBUU76tAX7q$82dea53544346ed46978ef416da65e99d93331f97ad77418d430076446fa21cde97f83074ec8e358aa33549b6aab440c3ca48a796f78c16e7e19676db023c7ef,IL,697
boredQuiche3,boredQuiche3,scrypt:32768:8:1$cin84DBUU76tAX7q$82dea53544346ed46978ef416da65e99d93331f97ad77418d430076446fa21cde97f83074ec8e358aa33549b6aab440c3ca48a796f78c16e7e19676db023c7ef,TX,218
jealousMandrill1,jealousMandrill1,scrypt:32768:8:1$cin84DBUU76tAX7q$82dea53544346ed46978ef416da65e99d93331f97ad77418d430076446fa21cde97f83074ec8e358aa33549b6aab440c3ca48a796f78c16e7e19676db023c7ef,NV,396
mildOil3,mildOil3,scrypt:32768:8:1$cin84DBUU76tAX7q$82dea53544346ed46978ef416da65e99d93331f97ad77418d430076446fa21cde97f83074ec8e358aa33549b6aab440c3ca48a796f78c16e7e19676db023c7ef,UT,443
troubledPiglet1,troubledPiglet1,scrypt:32768:8:1$cin84DBUU76tAX7q$82dea53544346ed46978ef416da65e99d93331f97ad77418d430076446fa21cde97f83074ec8e358aa33549b6aab440c3ca48a796f78c16e7e19676db023c7ef,CA,710
wakefulOil1,wakefulOil1,scrypt:32768:8:1$cin84DBUU76tAX7q$82dea53544346ed46978ef416da65e99d93331f97ad77418d430076446fa21cde97f83074ec8e358aa33549b6aab440c3ca48a796f78c16e7e19676db023c7ef,TX,715
importedPlover0,importedPlover0,scrypt:32768:8:1$cin84DBUU76tAX7q$82dea53544346ed46978ef416da65e99d93331f97ad77418d430076446fa21cde97f83074ec8e358aa33549b6aab440c3ca48a796f78c16e7e19676db023c7ef,AZ,78
debonairOcelot5,debonairOcelot5,scrypt:32768:8:1$cin84DBUU76tAX7q$82dea53544346ed46978ef416da65e99d93331f97ad77418d430076446fa21cde97f83074ec8e358aa33549b6aab440c3ca48a796f78c16e7e19676db023c7ef,NV,396
tautBaboon5,tautBaboon5,scrypt:32768:8:1$cin84DBUU76tAX7q$82dea53544346ed46978ef416da65e99d93331f97ad77418d430076446fa21cde97f83074ec8e358aa33549b6aab440c3ca48a796f78c16e7e19676db023c7ef,DE,620
shySeagull3,shySeagull3,scrypt:32768:8:1$cin84DBUU76tAX7q$82dea53544346ed46978ef416da65e99d93331f97ad77418d430076446fa21cde97f83074ec8e358aa33549b6aab440c3ca48a796f78c16e7e19676db023c7ef,AZ,730
amusedLeopard2,amusedLeopard2,scrypt:32768:8:1$cin84DBUU76tAX7q$82dea53544346ed46978ef416da65e99d93331f97ad77418d430076446fa21cde97f83074ec8e358aa33549b6aab440c3ca48a796f78c16e7e19676db023c7ef,NV,396
enviousPepper7,enviousPepper7,scrypt:32768:8:1$cin84DBUU76tAX7q$82dea53544346ed46978ef416da65e99d93331f97ad77418d430076446fa21cde97f83074ec8e358aa33549b6aab440c3ca48a796f78c16e7e19676db023c7ef,MN,732
excludedFalcon9,excludedFalcon9,scrypt:32768:8:1$cin84DBUU76tAX7q$82dea53544346ed46978ef416da65e99d93331f97ad77418d430076446fa21cde97f83074ec8e358aa33549b6aab440c3ca48a796f78c16e7e19676db023c7ef,KS,733
soreDinosaur5,soreDinosaur5,scrypt:32768:8:1$cin84DBUU76tAX7q$82dea53544346ed46978ef416da65e99d93331f97ad77418d430076446fa21cde97f83074ec8e358aa33549b6aab440c3ca48a796f78c16e7e19676db023c7ef,NM,166
eagerChile4,eagerChile4,scrypt:32768:8:1$cin84DBUU76tAX7q$82dea53544346ed46978ef416da65e99d93331f97ad77418d430076446fa21cde97f83074ec8e358aa33549b6aab440c3ca48a796f78c16e7e19676db023c7ef,TX,740
dreadfulAntelope8,dreadfulAntelope8,scrypt:32768:8:1$cin84DBUU76tAX7q$82dea53544346ed46978ef416da65e99d93331f97ad77418d430076446fa21cde97f83074ec8e358aa33549b6aab440c3ca48a796f78c16e7e19676db023c7ef,PA,741
culturedApricots7,culturedApricots7,scrypt:32768:8:1$cin84DBUU76tAX7q$82dea53544346ed46978ef416da65e99d93331f97ad77418d430076446fa21cde97f83074ec8e358aa33549b6aab440c3ca48a796f78c16e7e19676db023c7ef,KY,744
culturedLocust1,culturedLocust1,scrypt:32768:8:1$cin84DBUU76tAX7q$82dea53544346ed46978ef416da65e99d93331f97ad77418d430076446fa21cde97f83074ec8e358aa33549b6aab440c3ca48a796f78c16e7e19676db023c7ef,CO,748
brainyCaviar7,brainyCaviar7,scrypt:32768:8:1$cin84DBUU76tAX7q$82dea53544346ed46978ef416da65e99d93331f97ad77418d430076446fa21cde97f83074ec8e358aa33549b6aab440c3ca48a796f78c16e7e19676db023c7ef,OR,752
gleefulLard7,gleefulLard7,scrypt:32768:8:1$cin84DBUU76tAX7q$82dea53544346ed46978ef416da65e99d93331f97ad77418d430076446fa21cde97f83074ec8e358aa33549b6aab440c3ca48a796f78c16e7e19676db023c7ef,SD,759
needfulWildfowl7,needfulWildfowl7,scrypt:32768:8:1$cin84DBUU76tAX7q$82dea53544346ed46978ef416da65e99d93331f97ad77418d430076446fa21cde97f83074ec8e358aa33549b6aab440c3ca48a796f78c16e7e19676db023c7ef,OR,66
needyCrackers1,needyCrackers1,scrypt:32768:8:1$cin84DBUU76tAX7q$82dea53544346ed46978ef416da65e99d93331f97ad77418d430076446fa21cde97f83074ec8e358aa33549b6aab440c3ca48a796f78c16e7e19676db023c7ef,PA,741
sugaryOatmeal5,sugaryOatmeal5,scrypt:32768:8:1$cin84DBUU76tAX7q$82dea53544346ed46978ef416da65e99d93331f97ad77418d430076446fa21cde97f83074ec8e358aa33549b6aab440c3ca48a796f78c16e7e19676db023c7ef,GA,770
mellowSardines2,mellowSardines2,scrypt:32768:8:1$cin84DBUU76tAX7q$82dea53544346ed46978ef416da65e99d93331f97ad77418d430076446fa21cde97f83074ec8e358aa33549b6aab440c3ca48a796f78c16e7e19676db023c7ef,TX,771
scornfulGnu0,scornfulGnu0,scrypt:32768:8:1$cin84DBUU76tAX7q$82dea53544346ed46978ef416da65e99d93331f97ad77418d430076446fa21cde97f83074ec8e358aa33549b6aab440c3ca48a796f78c16e7e19676db023c7ef,TX,779
kindGatorade4,kindGatorade4,scrypt:32768:8:1$cin84DBUU76tAX7q$82dea53544346ed46978ef416da65e99d93331f97ad77418d430076446fa21cde97f83074ec8e358aa33549b6aab440c3ca48a796f78c16e7e19676db023c7ef,OR,780
eagerFalcon7,eagerFalcon7,scrypt:32768:8:1$cin84DBUU76tAX7q$82dea53544346ed46978ef416da65e99d93331f97ad77418d430076446fa21cde97f83074ec8e358aa33549b6aab440c3ca48a796f78c16e7e19676db023c7ef,WA,442
pluckyJaguar1,pluckyJaguar1,scrypt:32768:8:1$cin84DBUU76tAX7q$82dea53544346ed46978ef416da65e99d93331f97ad77418d430076446fa21cde97f83074ec8e358aa33549b6aab440c3ca48a796f78c16e7e19676db023c7ef,MA,788
gutturalGelding5,gutturalGelding5,scrypt:32768:8:1$cin84DBUU76tAX7q$82dea53544346ed46978ef416da65e99d93331f97ad77418d430076446fa21cde97f83074ec8e358aa33549b6aab440c3ca48a796f78c16e7e19676db023c7ef,IL,794
emptyDunbird8,emptyDunbird8,scrypt:32768:8:1$cin84DBUU76tAX7q$82dea53544346ed46978ef416da65e99d93331f97ad77418d430076446fa21cde97f83074ec8e358aa33549b6aab440c3ca48a796f78c16e7e19676db023c7ef,OH,305
tautHawk0,tautHawk0,scrypt:32768:8:1$cin84DBUU76tAX7q$82dea53544346ed46978ef416da65e99d93331f97ad77418d430076446fa21cde97f83074ec8e358aa33549b6aab440c3ca48a796f78c16e7e19676db023c7ef,CA,206
